{
  "name": "perfiles",
  "plural": "perfiles",
  "base": "Model",
  "idInjection": false,
  "options": {
    "validateUpsert": true
  },
  "hidden": ["usuarios"],
  "properties": {
    "_id": {
      "type": "number",
      "id": true
    },
    "title": {
      "type": "string",
      "required": true
    },
    "permissions": {
      "type": "string",
      "required": true
    }
  },
  "validations": [],
  "relations": {
    "usuarios": {
      "type": "hasMany",
      "model": "usuarios",
      "foreignKey": "profileld"
    }
  },
  "acls": [],
  "methods": {}
}
